<TICKER>;<PER>;<DATE>;<TIME>;<OPEN>;<HIGH>;<LOW>;<CLOSE>;<VOL>
HONDA;D;220104;000000;3283;3331;3272;3329;4577700
HONDA;D;220105;000000;3383;3418;3370;3416;6549200
HONDA;D;220106;000000;3415;3445;3396;3408;5039100
HONDA;D;220107;000000;3449;3468;3403;3430;4137900
HONDA;D;220111;000000;3460;3487;3430;3482;4320800
HONDA;D;220112;000000;3485;3520;3477;3520;3660200
HONDA;D;220113;000000;3497;3524;3476;3515;3361200
HONDA;D;220114;000000;3533;3534;3444;3473;5167100
HONDA;D;220117;000000;3520;3562;3513;3547;3115800
HONDA;D;220118;000000;3548;3569;3494;3511;3439000
HONDA;D;220119;000000;3451;3480;3415;3424;4208900
HONDA;D;220120;000000;3405;3438;3372;3420;3825000
HONDA;D;220121;000000;3374;3452;3348;3437;5059700
HONDA;D;220124;000000;3411;3412;3368;3385;3382700
HONDA;D;220125;000000;3365;3404;3351;3399;4148000
HONDA;D;220126;000000;3389;3408;3336;3340;4051600
HONDA;D;220127;000000;3394;3419;3301;3309;5441500
HONDA;D;220128;000000;3320;3378;3320;3356;3907900
HONDA;D;220131;000000;3330;3360;3284;3354;3594200
HONDA;D;220201;000000;3330;3346;3294;3301;4077800
HONDA;D;220202;000000;3334;3394;3330;3374;3662000
HONDA;D;220203;000000;3415;3469;3402;3450;3948700
HONDA;D;220204;000000;3477;3478;3410;3446;2869400
HONDA;D;220207;000000;3420;3431;3382;3403;2995300
HONDA;D;220208;000000;3406;3452;3403;3409;2555600
HONDA;D;220209;000000;3444;3462;3421;3421;3466600
HONDA;D;220210;000000;3600;3685;3597;3613;9685600
HONDA;D;220214;000000;3628;3649;3546;3575;5155000
HONDA;D;220215;000000;3571;3614;3555;3601;4613000
HONDA;D;220216;000000;3700;3724;3682;3712;6330600
HONDA;D;220217;000000;3690;3723;3670;3681;4424900
HONDA;D;220218;000000;3657;3718;3641;3687;3214900
HONDA;D;220221;000000;3645;3673;3626;3662;2405500
HONDA;D;220222;000000;3604;3628;3570;3584;3135300
HONDA;D;220224;000000;3590;3609;3510;3541;5055200
HONDA;D;220225;000000;3523;3555;3505;3532;3500500
HONDA;D;220228;000000;3534;3571;3511;3525;4541700
HONDA;D;220301;000000;3569;3583;3505;3514;3737500
HONDA;D;220302;000000;3434;3434;3348;3356;4592800
HONDA;D;220303;000000;3405;3429;3364;3365;4640500
HONDA;D;220304;000000;3306;3318;3201;3215;6624600
HONDA;D;220307;000000;3194;3219;3058;3112;7132300
HONDA;D;220308;000000;3095;3135;3043;3044;6940100
HONDA;D;220309;000000;3083;3125;3056;3069;4964200
HONDA;D;220310;000000;3173;3226;3163;3205;5099400
HONDA;D;220311;000000;3158;3165;3101;3115;4959200
HONDA;D;220314;000000;3143;3173;3129;3148;3223000
HONDA;D;220315;000000;3128;3214;3128;3170;4320300
HONDA;D;220316;000000;3215;3271;3210;3267;5495700
HONDA;D;220317;000000;3333;3369;3298;3361;5036800
HONDA;D;220318;000000;3334;3346;3310;3342;6556400
HONDA;D;220322;000000;3400;3417;3358;3395;6664200
HONDA;D;220323;000000;3428;3503;3428;3493;5194700
HONDA;D;220324;000000;3425;3445;3394;3439;5877100
HONDA;D;220325;000000;3471;3481;3431;3456;4459700
HONDA;D;220328;000000;3474;3498;3414;3483;3659200
HONDA;D;220329;000000;3522;3563;3500;3562;5752300
HONDA;D;220330;000000;3549;3557;3460;3507;4887100
HONDA;D;220331;000000;3465;3536;3449;3487;4724100
HONDA;D;220401;000000;3448;3470;3404;3464;4408700
HONDA;D;220404;000000;3450;3470;3420;3455;2864500
HONDA;D;220405;000000;3469;3475;3422;3436;3435400
HONDA;D;220406;000000;3416;3418;3354;3362;4399200
HONDA;D;220407;000000;3262;3274;3167;3217;8754600
HONDA;D;220408;000000;3217;3224;3169;3212;5657800
HONDA;D;220411;000000;3214;3242;3207;3234;3737200
HONDA;D;220412;000000;3246;3261;3218;3229;3710500
HONDA;D;220413;000000;3252;3265;3218;3261;4378400
HONDA;D;220414;000000;3230;3276;3210;3271;2401800
HONDA;D;220415;000000;3271;3303;3259;3293;2523800
HONDA;D;220418;000000;3238;3263;3213;3256;2623200
HONDA;D;220419;000000;3306;3323;3275;3314;3406800
HONDA;D;220420;000000;3380;3456;3371;3433;5290800
HONDA;D;220421;000000;3366;3445;3366;3434;3305400
HONDA;D;220422;000000;3410;3414;3367;3379;3398300
HONDA;D;220425;000000;3301;3395;3292;3376;4340400
HONDA;D;220426;000000;3375;3422;3364;3399;4644300
HONDA;D;220427;000000;3321;3333;3291;3291;5380700
HONDA;D;220428;000000;3320;3423;3302;3419;5090100
HONDA;D;220502;000000;3430;3485;3428;3432;5205200
HONDA;D;220506;000000;3478;3484;3442;3470;4425900
HONDA;D;220509;000000;3475;3475;3387;3394;4348800
HONDA;D;220510;000000;3374;3397;3317;3349;4463300
HONDA;D;220511;000000;3331;3347;3225;3247;6200600
HONDA;D;220512;000000;3254;3292;3204;3249;5400300
HONDA;D;220513;000000;3300;3322;3234;3320;5538800
HONDA;D;220516;000000;3210;3252;3166;3175;8278100
HONDA;D;220517;000000;3201;3209;3140;3176;4639300
HONDA;D;220518;000000;3201;3247;3193;3219;5572900
HONDA;D;220519;000000;3140;3203;3128;3198;5035500
HONDA;D;220520;000000;3221;3228;3197;3218;3885100
HONDA;D;220523;000000;3228;3232;3188;3205;4178100
HONDA;D;220524;000000;3217;3224;3169;3176;4031300
HONDA;D;220525;000000;3116;3148;3101;3106;5998600
HONDA;D;220526;000000;3131;3146;3110;3128;5184600
HONDA;D;220527;000000;3179;3179;3127;3144;4131400
HONDA;D;220530;000000;3160;3190;3154;3184;4228700
HONDA;D;220531;000000;3140;3204;3140;3187;6859400
HONDA;D;220601;000000;3256;3324;3245;3324;6138600
HONDA;D;220602;000000;3333;3334;3264;3332;3657900
HONDA;D;220603;000000;3360;3360;3285;3299;3776200
HONDA;D;220606;000000;3263;3304;3255;3299;3062900
HONDA;D;220607;000000;3367;3399;3360;3382;4294700
HONDA;D;220608;000000;3355;3394;3355;3394;3967200
HONDA;D;220609;000000;3393;3454;3387;3415;5600100
HONDA;D;220610;000000;3412;3416;3377;3398;4215900
HONDA;D;220613;000000;3307;3321;3282;3292;4330500
HONDA;D;220614;000000;3231;3309;3230;3287;5558800
HONDA;D;220615;000000;3315;3340;3302;3305;4019600
HONDA;D;220616;000000;3328;3404;3322;3351;3884400
HONDA;D;220617;000000;3229;3270;3217;3261;6566200
HONDA;D;220620;000000;3327;3331;3266;3281;3577400
HONDA;D;220621;000000;3314;3348;3293;3327;4542200
HONDA;D;220622;000000;3403;3446;3394;3398;6292400
HONDA;D;220623;000000;3346;3388;3337;3368;3678600
HONDA;D;220624;000000;3320;3329;3302;3320;3547200
HONDA;D;220627;000000;3353;3359;3300;3304;3929700
HONDA;D;220628;000000;3318;3387;3307;3382;4759800
HONDA;D;220629;000000;3403;3418;3350;3350;5785900
HONDA;D;220630;000000;3333;3338;3283;3293;5777100
HONDA;D;220701;000000;3272;3283;3176;3193;5143800
HONDA;D;220704;000000;3222;3243;3203;3225;3365800
HONDA;D;220705;000000;3240;3241;3201;3203;3316200
HONDA;D;220706;000000;3179;3184;3134;3161;5786500
HONDA;D;220707;000000;3198;3229;3173;3207;4071100
HONDA;D;220708;000000;3237;3286;3230;3250;6101500
HONDA;D;220711;000000;3310;3326;3299;3313;4289800
HONDA;D;220712;000000;3321;3323;3251;3254;3116700
HONDA;D;220713;000000;3312;3357;3309;3335;5296800
HONDA;D;220714;000000;3311;3354;3296;3342;3156600
HONDA;D;220715;000000;3363;3386;3337;3373;4599600
HONDA;D;220719;000000;3431;3456;3412;3433;3613300
HONDA;D;220720;000000;3485;3535;3472;3535;7035100
HONDA;D;220721;000000;3509;3527;3488;3523;3635400
HONDA;D;220722;000000;3484;3488;3461;3468;4904000
HONDA;D;220725;000000;3424;3492;3417;3471;3858500
HONDA;D;220726;000000;3490;3519;3468;3476;2486400
HONDA;D;220727;000000;3431;3441;3407;3438;3933400
HONDA;D;220728;000000;3435;3459;3422;3437;4036100
HONDA;D;220729;000000;3435;3443;3367;3388;4883600
HONDA;D;220801;000000;3420;3476;3409;3476;4128900
HONDA;D;220802;000000;3447;3474;3419;3449;3792600
HONDA;D;220803;000000;3406;3430;3387;3429;4402800
HONDA;D;220804;000000;3463;3468;3385;3405;3193600
HONDA;D;220805;000000;3339;3380;3321;3371;5177200
HONDA;D;220808;000000;3370;3412;3351;3397;3272100
HONDA;D;220809;000000;3372;3402;3366;3388;2961000
HONDA;D;220810;000000;3380;3428;3373;3426;4241100
HONDA;D;220812;000000;3549;3574;3516;3557;9290700
HONDA;D;220815;000000;3573;3633;3565;3629;4688100
HONDA;D;220816;000000;3559;3608;3557;3598;3818100
HONDA;D;220817;000000;3630;3700;3629;3699;5132400
HONDA;D;220818;000000;3700;3700;3662;3667;3163200
HONDA;D;220819;000000;3690;3720;3687;3713;3972700
HONDA;D;220822;000000;3698;3737;3683;3723;3668100
HONDA;D;220823;000000;3663;3686;3635;3651;3894600
HONDA;D;220824;000000;3697;3707;3667;3677;4500500
HONDA;D;220825;000000;3682;3695;3641;3650;2720400
HONDA;D;220826;000000;3676;3690;3647;3654;2408700
HONDA;D;220829;000000;3604;3678;3603;3669;4005800
HONDA;D;220830;000000;3720;3755;3675;3700;3933500
HONDA;D;220831;000000;3665;3733;3663;3724;6735700
HONDA;D;220901;000000;3675;3682;3633;3655;5273700
HONDA;D;220902;000000;3646;3674;3646;3673;4349300
HONDA;D;220905;000000;3646;3663;3615;3620;3349400
HONDA;D;220906;000000;3586;3633;3573;3622;3825900
HONDA;D;220907;000000;3651;3682;3633;3651;5477400
HONDA;D;220908;000000;3640;3671;3631;3660;6589800
HONDA;D;220909;000000;3646;3690;3638;3680;6176200
HONDA;D;220912;000000;3714;3728;3691;3714;2951300
HONDA;D;220913;000000;3673;3685;3618;3653;4685300
HONDA;D;220914;000000;3657;3673;3597;3598;5479100
HONDA;D;220915;000000;3591;3609;3562;3577;5604800
HONDA;D;220916;000000;3538;3558;3507;3525;7709400
HONDA;D;220920;000000;3558;3580;3534;3545;6727600
HONDA;D;220921;000000;3505;3523;3472;3477;7956600
HONDA;D;220922;000000;3476;3486;3436;3476;5157400
HONDA;D;220926;000000;3390;3401;3284;3302;7581500
HONDA;D;220927;000000;3348;3392;3343;3355;5700500
HONDA;D;220928;000000;3322;3332;3264;3304;6279400
HONDA;D;220929;000000;3299;3301;3224;3266;5865700
HONDA;D;220930;000000;3233;3250;3124;3137;9238400
HONDA;D;221003;000000;3142;3216;3142;3210;5930000
HONDA;D;221004;000000;3261;3285;3232;3279;5908200
HONDA;D;221005;000000;3320;3324;3288;3293;5511300
HONDA;D;221006;000000;3282;3342;3276;3321;4910500
HONDA;D;221007;000000;3262;3304;3255;3291;4394300
HONDA;D;221011;000000;3230;3267;3200;3222;6060200
HONDA;D;221012;000000;3222;3234;3192;3195;5555300
HONDA;D;221013;000000;3203;3239;3192;3226;5880200
HONDA;D;221014;000000;3263;3300;3248;3279;5490200
HONDA;D;221017;000000;3269;3276;3250;3275;3782000
HONDA;D;221018;000000;3300;3309;3249;3266;5329500
HONDA;D;221019;000000;3266;3292;3260;3292;4317000
HONDA;D;221020;000000;3259;3281;3251;3263;5172200
HONDA;D;221021;000000;3263;3269;3239;3257;3564000
HONDA;D;221024;000000;3289;3297;3255;3258;3831800
HONDA;D;221025;000000;3274;3334;3268;3330;4585700
HONDA;D;221026;000000;3338;3372;3336;3361;5128000
HONDA;D;221027;000000;3351;3359;3298;3301;3717800
HONDA;D;221028;000000;3312;3340;3293;3319;6903300
HONDA;D;221031;000000;3345;3378;3344;3373;3699200
HONDA;D;221101;000000;3400;3420;3385;3400;3434400
HONDA;D;221102;000000;3398;3435;3394;3435;3262900
HONDA;D;221104;000000;3414;3421;3361;3385;5670500
HONDA;D;221107;000000;3430;3442;3386;3402;3479100
HONDA;D;221108;000000;3451;3475;3417;3451;4223900
HONDA;D;221109;000000;3442;3461;3414;3427;5067100
HONDA;D;221110;000000;3248;3292;3238;3289;10134500
HONDA;D;221111;000000;3354;3358;3305;3335;6425600
HONDA;D;221114;000000;3327;3336;3300;3301;5835700
HONDA;D;221115;000000;3298;3342;3295;3331;4117500
HONDA;D;221116;000000;3316;3327;3292;3313;3775300
HONDA;D;221117;000000;3307;3331;3298;3301;2777400
HONDA;D;221118;000000;3334;3347;3325;3333;3008300
HONDA;D;221121;000000;3354;3367;3332;3348;2905800
HONDA;D;221122;000000;3369;3412;3368;3381;3748600
HONDA;D;221124;000000;3394;3406;3373;3378;3750800
HONDA;D;221125;000000;3379;3384;3361;3370;2512800
HONDA;D;221128;000000;3388;3397;3332;3352;3604800
HONDA;D;221129;000000;3325;3340;3292;3300;4578200
HONDA;D;221130;000000;3310;3356;3295;3356;7743200
HONDA;D;221201;000000;3360;3362;3323;3334;3681100
HONDA;D;221202;000000;3320;3320;3248;3272;4605400
HONDA;D;221205;000000;3272;3276;3233;3244;3980500
HONDA;D;221206;000000;3291;3292;3239;3271;3890000
HONDA;D;221207;000000;3257;3298;3254;3287;3654500
HONDA;D;221208;000000;3249;3270;3234;3264;3990700
HONDA;D;221209;000000;3247;3293;3247;3257;3755000
HONDA;D;221212;000000;3256;3282;3252;3261;2865300
HONDA;D;221213;000000;3310;3333;3300;3300;3334000
HONDA;D;221214;000000;3280;3319;3271;3319;2950200
HONDA;D;221215;000000;3266;3315;3261;3300;3466800
HONDA;D;221216;000000;3283;3298;3264;3267;4237400
HONDA;D;221219;000000;3229;3239;3206;3218;3977300
HONDA;D;221220;000000;3250;3254;3105;3120;7273700
HONDA;D;221221;000000;3099;3101;3025;3038;7848100
HONDA;D;221222;000000;3100;3126;3078;3087;4981000
HONDA;D;221223;000000;3035;3052;3018;3045;5401900
HONDA;D;221226;000000;3061;3091;3060;3079;1825300
HONDA;D;221227;000000;3089;3098;3037;3043;3166900
HONDA;D;221228;000000;3043;3055;3026;3041;3638100
HONDA;D;221229;000000;3018;3034;3001;3034;3321300
HONDA;D;221230;000000;3040;3058;3032;3032;4828600
HONDA;D;230104;000000;3031;3055;3010;3042;4724400
HONDA;D;230105;000000;3084;3103;3046;3064;4658300
HONDA;D;230106;000000;3084;3139;3081;3123;4974300
HONDA;D;230110;000000;3185;3203;3129;3157;6257500
HONDA;D;230111;000000;3137;3149;3122;3140;4966700
HONDA;D;230112;000000;3135;3149;3110;3121;3857600
HONDA;D;230113;000000;3104;3128;3061;3067;4770400
HONDA;D;230116;000000;3000;3036;2990.5;3036;4407000
HONDA;D;230117;000000;3048;3112;3048;3094;3865500
HONDA;D;230118;000000;3093;3170;3065;3123;5462700
HONDA;D;230119;000000;3051;3071;3041;3053;4430300
HONDA;D;230120;000000;3050;3069;3044;3069;3286700
HONDA;D;230123;000000;3111;3115;3090;3093;2946000
HONDA;D;230124;000000;3140;3144;3110;3129;4501000
HONDA;D;230125;000000;3125;3147;3118;3147;3593100
HONDA;D;230126;000000;3123;3159;3123;3138;3735300
HONDA;D;230127;000000;3154;3173;3130;3173;4752000
HONDA;D;230130;000000;3189;3207;3175;3190;3802800
HONDA;D;230131;000000;3218;3228;3197;3207;4018400
HONDA;D;230201;000000;3230;3251;3213;3238;4627700
HONDA;D;230202;000000;3236;3236;3189;3200;3688600
HONDA;D;230203;000000;3202;3225;3184;3198;3238100
HONDA;D;230206;000000;3272;3289;3257;3258;5140900
HONDA;D;230207;000000;3284;3288;3242;3260;3754500
HONDA;D;230208;000000;3247;3257;3205;3210;4704100
HONDA;D;230209;000000;3202;3213;3185;3200;4174000
HONDA;D;230210;000000;3200;3209;3172;3174;4582500
HONDA;D;230213;000000;3270;3335;3267;3318;10932800
HONDA;D;230214;000000;3364;3372;3305;3328;4283100
HONDA;D;230215;000000;3353;3372;3345;3355;4609700
HONDA;D;230216;000000;3380;3409;3371;3394;5084200
HONDA;D;230217;000000;3371;3438;3366;3438;4858400
HONDA;D;230220;000000;3468;3474;3445;3460;4229500
HONDA;D;230221;000000;3470;3547;3466;3533;5997900
HONDA;D;230222;000000;3501;3516;3479;3494;5243400
HONDA;D;230224;000000;3538;3555;3515;3518;5796900
HONDA;D;230227;000000;3547;3574;3535;3539;4559200
HONDA;D;230228;000000;3580;3615;3541;3542;8417200
HONDA;D;230301;000000;3530;3600;3529;3579;4456100
HONDA;D;230302;000000;3566;3597;3538;3541;5776500
HONDA;D;230303;000000;3542;3607;3542;3586;5546000
HONDA;D;230306;000000;3625;3637;3597;3619;5164000
HONDA;D;230307;000000;3595;3641;3584;3630;4132000
HONDA;D;230308;000000;3625;3658;3619;3633;4373700
HONDA;D;230309;000000;3651;3678;3644;3668;4732200
HONDA;D;230310;000000;3647;3654;3598;3613;6714900
HONDA;D;230313;000000;3557;3567;3491;3507;5476800
HONDA;D;230314;000000;3381;3386;3326;3361;7868500
HONDA;D;230315;000000;3427;3428;3367;3396;5628500
HONDA;D;230316;000000;3297;3373;3289;3365;5474600
HONDA;D;230317;000000;3365;3383;3336;3360;7214700
HONDA;D;230320;000000;3328;3355;3307;3308;4480400
HONDA;D;230322;000000;3378;3424;3357;3405;5751600
HONDA;D;230323;000000;3366;3408;3354;3391;4182000
HONDA;D;230324;000000;3357;3379;3350;3370;4308300
HONDA;D;230327;000000;3384;3406;3362;3391;3253900
HONDA;D;230328;000000;3423;3432;3371;3384;4252100
HONDA;D;230329;000000;3404;3472;3400;3472;4912400
HONDA;D;230330;000000;3449;3495;3436;3468;5044800
HONDA;D;230331;000000;3481;3524;3469;3510;6586800
HONDA;D;230403;000000;3531;3557;3518;3557;4747500
HONDA;D;230404;000000;3538;3597;3531;3594;5663700
HONDA;D;230405;000000;3544;3567;3506;3514;4856900
HONDA;D;230406;000000;3485;3490;3451;3451;4505300
HONDA;D;230407;000000;3434;3496;3433;3478;3372400
HONDA;D;230410;000000;3509;3526;3478;3490;3566600
HONDA;D;230411;000000;3506;3540;3496;3521;3935400
HONDA;D;230412;000000;3551;3562;3530;3539;3089600
HONDA;D;230413;000000;3525;3537;3508;3525;2758700
HONDA;D;230414;000000;3524;3524;3475;3477;4986200
HONDA;D;230417;000000;3520;3525;3491;3518;2844900
HONDA;D;230418;000000;3547;3568;3531;3548;3378900
HONDA;D;230419;000000;3547;3556;3531;3552;3066700
HONDA;D;230420;000000;3535;3543;3508;3538;2588800
HONDA;D;230421;000000;3474;3500;3465;3481;3918400
HONDA;D;230424;000000;3484;3514;3482;3492;2357000
HONDA;D;230425;000000;3502;3523;3495;3502;2656300
HONDA;D;230426;000000;3477;3500;3468;3476;3055900
HONDA;D;230427;000000;3496;3519;3474;3515;3479700
HONDA;D;230428;000000;3555;3588;3534;3588;5149800
HONDA;D;230501;000000;3614;3634;3589;3621;3462300
HONDA;D;230502;000000;3620;3627;3587;3621;2873100
HONDA;D;230508;000000;3590;3628;3576;3611;3970600
HONDA;D;230509;000000;3623;3668;3610;3658;3830500
HONDA;D;230510;000000;3672;3683;3631;3653;3923400
HONDA;D;230511;000000;3639;3644;3558;3582;4612500
HONDA;D;230512;000000;3699;3775;3652;3741;1841693
HONDA;D;230515;000000;3772;3849;3749;3749;4484639
HONDA;D;230516;000000;3781;3813;3762;3800;1523723
HONDA;D;230517;000000;3796;3862;3789;3827;1116536
HONDA;D;230518;000000;3903;3914;3872;3892;875560
HONDA;D;230519;000000;3940;3968;3895;3906;764089
HONDA;D;230522;000000;3898;3965;3886;3962;1189737
HONDA;D;230523;000000;3985;4025;3943;3968;6244200
HONDA;D;230524;000000;3950;3978;3944;3958;4357100
HONDA;D;230525;000000;3979;4022;3965;3995;6336700
HONDA;D;230526;000000;4011;4047;3963;3974;5157600
HONDA;D;230529;000000;4076;4094;4024;4025;4674100
HONDA;D;230530;000000;4025;4088;4009;4071;4591800
HONDA;D;230531;000000;4001;4035;3977;4005;15481900
HONDA;D;230601;000000;3990;4004;3948;3978;5095300
HONDA;D;230602;000000;4004;4063;3997;4055;4632400
HONDA;D;230605;000000;4138;4192;4137;4185;5886600
HONDA;D;230606;000000;4162;4249;4142;4247;4831500
HONDA;D;230607;000000;4275;4297;4155;4161;6334200
HONDA;D;230608;000000;4200;4214;4128;4148;4702700
HONDA;D;230609;000000;4200;4258;4177;4249;6356300
HONDA;D;230612;000000;4288;4328;4274;4297;4469900
HONDA;D;230613;000000;4330;4414;4327;4379;6313500
HONDA;D;230614;000000;4450;4583;4450;4536;9530000
HONDA;D;230615;000000;4482;4531;4447;4511;7496700
HONDA;D;230616;000000;4450;4466;4395;4454;10600900
HONDA;D;230619;000000;4434;4440;4373;4395;6237800
HONDA;D;230620;000000;4371;4387;4335;4364;5390700
HONDA;D;230621;000000;4333;4445;4318;4425;5989200
HONDA;D;230622;000000;4435;4469;4401;4414;4525300
HONDA;D;230623;000000;4446;4454;4306;4342;5405000
HONDA;D;230626;000000;4294;4339;4286;4302;4098500
HONDA;D;230627;000000;4347;4349;4272;4304;3872200
HONDA;D;230628;000000;4365;4401;4336;4401;4535700
HONDA;D;230629;000000;4441;4451;4366;4381;4373300
HONDA;D;230630;000000;4381;4389;4312;4341;6270000
HONDA;D;230703;000000;4400;4438;4383;4436;4800300
HONDA;D;230704;000000;4440;4458;4401;4415;3808100
HONDA;D;230705;000000;4398;4435;4379;4434;3759800
HONDA;D;230706;000000;4424;4438;4372;4387;4863300
HONDA;D;230707;000000;4330;4337;4245;4291;7509800
HONDA;D;230710;000000;4288;4290;4179;4217;8388900
HONDA;D;230711;000000;4253;4253;4171;4184;4667200
HONDA;D;230712;000000;4201;4211;4158;4181;3894200
HONDA;D;230713;000000;4173;4210;4141;4189;4036300
HONDA;D;230714;000000;4189;4225;4161;4198;4977100
HONDA;D;230718;000000;4180;4229;4175;4220;3782100
HONDA;D;230719;000000;4269;4359;4258;4357;5502100
HONDA;D;230720;000000;4358;4381;4319;4326;4385400
HONDA;D;230721;000000;4332;4383;4322;4380;3993600
HONDA;D;230724;000000;4424;4479;4423;4461;4199200
HONDA;D;230725;000000;4464;4502;4420;4481;4524500
HONDA;D;230726;000000;4439;4448;4413;4435;3697800
HONDA;D;230727;000000;4425;4441;4399;4418;5006900
HONDA;D;230728;000000;4357;4449;4322;4400;6645000
HONDA;D;230731;000000;4483;4543;4478;4513;8141900
HONDA;D;230801;000000;4558;4608;4527;4592;4839400
HONDA;D;230802;000000;4522;4616;4488;4527;5760200
HONDA;D;230803;000000;4477;4481;4418;4432;5216600
HONDA;D;230804;000000;4403;4432;4384;4405;4510300
HONDA;D;230807;000000;4379;4414;4348;4400;4487900
HONDA;D;230808;000000;4417;4468;4416;4453;3536000
HONDA;D;230809;000000;4450;4455;4389;4411;4213300
HONDA;D;230810;000000;4653;4707;4621;4670;11383500
HONDA;D;230814;000000;4660;4665;4447;4483;7444700
HONDA;D;230815;000000;4520;4544;4501;4503;3504800
HONDA;D;230816;000000;4465;4475;4414;4416;4389100
HONDA;D;230817;000000;4443;4452;4356;4435;4679000
HONDA;D;230818;000000;4390;4448;4381;4420;3594500
HONDA;D;230821;000000;4439;4481;4409;4428;4325700
HONDA;D;230822;000000;4486;4506;4449;4494;3686400
HONDA;D;230823;000000;4488;4571;4474;4564;3873300
HONDA;D;230824;000000;4551;4561;4511;4550;3525700
HONDA;D;230825;000000;4500;4558;4497;4514;3491500
HONDA;D;230828;000000;4565;4644;4563;4643;3865500
HONDA;D;230829;000000;4664;4665;4610;4616;3456300
HONDA;D;230830;000000;4630;4664;4630;4651;3503200
HONDA;D;230831;000000;4663;4754;4657;4703;7503600
HONDA;D;230901;000000;4703;4749;4692;4720;4532500
HONDA;D;230904;000000;4762;4834;4754;4834;5277900
HONDA;D;230905;000000;4833;4867;4788;4867;5757900
HONDA;D;230906;000000;4905;5012;4905;4960;7275700
HONDA;D;230907;000000;4959;4975;4931;4931;5643000
HONDA;D;230908;000000;4985;5023;4952;4952;7985400
HONDA;D;230911;000000;4960;4986;4913;4953;4710600
HONDA;D;230912;000000;4984;5053;4976;5039;5393400
HONDA;D;230913;000000;5040;5086;5018;5061;5293700
HONDA;D;230914;000000;5114;5249;5102;5238;7266800
HONDA;D;230915;000000;5280;5345;5230;5251;10327200
HONDA;D;230919;000000;5287;5423;5264;5407;10064400
HONDA;D;230920;000000;5407;5463;5340;5340;9395600
HONDA;D;230921;000000;5334;5368;5262;5267;6711200
HONDA;D;230922;000000;5200;5296;5175;5255;7035100
HONDA;D;230925;000000;5300;5305;5237;5254;4345000
HONDA;D;230926;000000;5261;5266;5193;5242;3952100
HONDA;D;230927;000000;5199;5264;5089;5256;9498500
HONDA;D;230928;000000;1740.5;1742;1709.5;1730.5;15302600
HONDA;D;230929;000000;1732;1736;1680.5;1682;21945500
HONDA;D;231002;000000;1714;1729.5;1688;1688.5;15601100
HONDA;D;231003;000000;1695.5;1695.5;1642.5;1645;16131400
HONDA;D;231004;000000;1596;1597;1553.5;1554.5;25290700
HONDA;D;231005;000000;1594.5;1607.5;1565.5;1601.5;20623300
HONDA;D;231006;000000;1600;1634.5;1579;1618.5;16022000
HONDA;D;231010;000000;1650;1675;1635.5;1659;13569000
HONDA;D;231011;000000;1673;1694;1671.5;1675;13258800
HONDA;D;231012;000000;1697;1719;1692.5;1717.5;18784700
HONDA;D;231013;000000;1697.5;1698.5;1674;1682.5;13942700
HONDA;D;231016;000000;1660;1666;1642;1663;11279300
HONDA;D;231017;000000;1699.5;1703;1667;1683;12475300
HONDA;D;231018;000000;1693;1697.5;1664;1675;10970500
HONDA;D;231019;000000;1645;1666;1643;1649.5;12021200
HONDA;D;231020;000000;1626;1646.5;1619;1632;16130000
HONDA;D;231023;000000;1622;1633;1609.5;1612.5;12111900
HONDA;D;231024;000000;1614.5;1624;1579;1607;14841100
HONDA;D;231025;000000;1639.5;1644;1620.5;1620.5;10985000
HONDA;D;231026;000000;1614;1625;1588.5;1594;15272700
HONDA;D;231027;000000;1595;1607.5;1588.5;1595;15964300
HONDA;D;231030;000000;1546;1548.5;1522.5;1527.5;19791500
HONDA;D;231031;000000;1515;1525;1487.5;1506.5;23912700
HONDA;D;231101;000000;1551;1569;1540.5;1568.5;23903800
HONDA;D;231102;000000;1608.5;1625;1572;1573;26008700
HONDA;D;231106;000000;1613;1621;1597.5;1621;27409900
HONDA;D;231107;000000;1623.5;1626;1609;1614;12566300
HONDA;D;231108;000000;1624;1640;1605.5;1608;21234200
HONDA;D;231109;000000;1618;1662;1612;1654;21826900
HONDA;D;231110;000000;1570;1591;1534.5;1586;40653700
HONDA;D;231113;000000;1586;1595;1549.5;1563.5;21563800
HONDA;D;231114;000000;1576.5;1601.5;1566.5;1599.5;16928900
HONDA;D;231115;000000;1612;1627.5;1598;1602.5;18334400
HONDA;D;231116;000000;1605;1616.5;1598.5;1611;11382700
HONDA;D;231117;000000;1590;1626;1586;1626;17392100
HONDA;D;231120;000000;1626;1631.5;1564.5;1564.5;17403100
HONDA;D;231121;000000;1541;1545;1517;1530;22601400
HONDA;D;231122;000000;1517;1554;1515;1542.5;15166600
HONDA;D;231124;000000;1562;1576;1557;1570;13584800
HONDA;D;231127;000000;1552;1565;1542;1545.5;12264100
HONDA;D;231128;000000;1555;1558;1525;1526;16072700
HONDA;D;231129;000000;1516;1520.5;1495.5;1505;20460900
HONDA;D;231130;000000;1509;1517;1492.5;1509;26265900
HONDA;D;231201;000000;1520;1536;1512;1529.5;16299500
HONDA;D;231204;000000;1514;1520;1480;1489;21003600
HONDA;D;231205;000000;1493;1509.5;1488.5;1496.5;13751400
HONDA;D;231206;000000;1505;1530;1497;1527;15150300
HONDA;D;231207;000000;1522;1522;1489;1496.5;15179200
HONDA;D;231208;000000;1488;1490;1450.5;1458;28603200
HONDA;D;231211;000000;1496;1501;1486.5;1494.5;14853900
HONDA;D;231212;000000;1501;1502;1477.5;1477.5;11315400
HONDA;D;231213;000000;1476.5;1477;1456;1469;14081200
HONDA;D;231214;000000;1430;1439.5;1389;1395.5;27037000
HONDA;D;231215;000000;1421;1427.5;1405;1424;28276600
HONDA;D;231218;000000;1394;1424.5;1386;1424.5;13316400
HONDA;D;231219;000000;1427.5;1453;1411;1445.5;15536800
HONDA;D;231220;000000;1471;1491;1466.5;1485.5;18846200
HONDA;D;231221;000000;1450;1462.5;1439;1442;14623200
HONDA;D;231222;000000;1442;1451;1435;1446.5;11615300
HONDA;D;231225;000000;1454.5;1455;1440.5;1446.5;5255400
HONDA;D;231226;000000;1458;1458;1436;1443;8090600
HONDA;D;231227;000000;1448;1457.5;1442;1453;11590400
HONDA;D;231228;000000;1442;1453;1439;1450;6368900
HONDA;D;231229;000000;1459.5;1475;1456;1466;9857400
HONDA;D;240104;000000;1476;1499.5;1455.5;1497;16984500
HONDA;D;240105;000000;1506;1541.5;1503;1530;16755100
HONDA;D;240109;000000;1553.5;1554;1515.5;1517.5;21329400
HONDA;D;240110;000000;1513.5;1539.5;1511;1533.5;15548600
HONDA;D;240111;000000;1564;1585;1557.5;1568.5;23455500
HONDA;D;240112;000000;1590;1591.5;1559.5;1563.5;17959300
HONDA;D;240115;000000;1560;1572.5;1557.5;1558.5;13427700
HONDA;D;240116;000000;1558.5;1567;1547.5;1561.5;14560100
HONDA;D;240117;000000;1577;1609;1571.5;1571.5;21090500
HONDA;D;240118;000000;1585;1611;1580.5;1594;17289400
HONDA;D;240119;000000;1619;1619;1574;1587;17783500
HONDA;D;240122;000000;1605;1612;1591.5;1610;11973100
HONDA;D;240123;000000;1609;1618;1589.5;1597;15097600
HONDA;D;240124;000000;1591;1596.5;1583;1587;12037700
HONDA;D;240125;000000;1579;1594;1578;1593.5;10619200
HONDA;D;240126;000000;1589;1592.5;1574.5;1583.5;10650000
HONDA;D;240129;000000;1620.5;1655.5;1617;1644.5;21146100
HONDA;D;240130;000000;1630;1643.5;1623;1627.5;13115300
HONDA;D;240131;000000;1626.5;1675.5;1623.5;1675.5;23823200
HONDA;D;240201;000000;1625;1651;1619;1644.5;15870200
HONDA;D;240202;000000;1650;1652.5;1633;1635;13272600
HONDA;D;240205;000000;1670;1694;1655;1683.5;16288700
HONDA;D;240206;000000;1671.5;1701.5;1664.5;1691;22708100
HONDA;D;240207;000000;1673;1735;1672.5;1710.5;24095300
HONDA;D;240208;000000;1731;1741.5;1706;1734;27162300
HONDA;D;240209;000000;1731.5;1732;1697;1703.5;28664000
HONDA;D;240213;000000;1723;1724;1679;1719;19632900
HONDA;D;240214;000000;1711;1714.5;1678;1689.5;12313800
HONDA;D;240215;000000;1700;1723;1693.5;1721.5;16827800
HONDA;D;240216;000000;1720;1759;1716;1752;20611600
HONDA;D;240219;000000;1748;1753.5;1735.5;1744;9545700
HONDA;D;240220;000000;1744;1757;1741;1748;10797400
HONDA;D;240221;000000;1728.5;1751;1728;1747;11266400
HONDA;D;240222;000000;1759.5;1810;1755.5;1799.5;25472200
HONDA;D;240226;000000;1805;1807;1785;1785;20068100
HONDA;D;240227;000000;1770.5;1785;1766;1776.5;18153400
HONDA;D;240228;000000;1788;1793;1766.5;1774;11529700
HONDA;D;240229;000000;1795;1799.5;1775;1782;18224500
HONDA;D;240301;000000;1780;1815.5;1774;1805.5;20332900
HONDA;D;240304;000000;1809;1822.5;1796;1803;19138000
HONDA;D;240305;000000;1787.5;1807.5;1778.5;1798.5;16510100
HONDA;D;240306;000000;1804;1830.5;1797;1821;18386300
HONDA;D;240307;000000;1808;1817;1748.5;1752.5;24155100
HONDA;D;240308;000000;1739;1781;1727;1765;22013700
HONDA;D;240311;000000;1733;1736;1699;1725;17818400
HONDA;D;240312;000000;1713.5;1726;1694;1725;14315100
HONDA;D;240313;000000;1752.5;1759.5;1718.5;1732.5;14207000
HONDA;D;240314;000000;1749;1767;1738;1752;14312100
HONDA;D;240315;000000;1768;1805.5;1763;1782.5;27177000
HONDA;D;240318;000000;1817;1836.5;1800;1830.5;18526400
HONDA;D;240319;000000;1827;1864;1817;1864;21567200
HONDA;D;240321;000000;1893;1906;1870;1890;23704800
HONDA;D;240322;000000;1918.5;1959.5;1907;1921.5;22408500
HONDA;D;240325;000000;1920;1920;1879;1879;15033000
HONDA;D;240326;000000;1873;1898;1864;1880;13974000
HONDA;D;240327;000000;1891.5;1910;1885.5;1898;18653000
HONDA;D;240328;000000;1870;1886.5;1861;1863.5;27686700
HONDA;D;240329;000000;1888;1903;1877.5;1891;14578500
HONDA;D;240401;000000;1905;1912.5;1830;1850.5;19552600
HONDA;D;240402;000000;1866;1867;1836;1843.5;11703600
HONDA;D;240403;000000;1836;1846;1814.5;1829.5;14291700
HONDA;D;240404;000000;1852;1880.5;1846;1848.5;15277300
HONDA;D;240405;000000;1840;1845;1818.5;1835.5;12255900
HONDA;D;240408;000000;1861;1869.5;1844.5;1863.5;10967000
HONDA;D;240409;000000;1875;1888;1865;1885.5;10779800
HONDA;D;240410;000000;1876;1879;1857;1876;7602800
HONDA;D;240411;000000;1864;1874.5;1854;1873;10524900
HONDA;D;240412;000000;1890;1890;1862;1879;11021200
HONDA;D;240415;000000;1849;1860.5;1819;1860;11874600
HONDA;D;240416;000000;1852;1861.5;1798;1813;14566800
HONDA;D;240417;000000;1837;1838;1776;1789.5;11587300
HONDA;D;240418;000000;1770;1802.5;1758.5;1785.5;11606700
HONDA;D;240419;000000;1782.5;1784.5;1716;1747;14719600
HONDA;D;240422;000000;1771;1782;1757;1773.5;11040600
HONDA;D;240423;000000;1785;1786.5;1757;1764.5;7281600
HONDA;D;240424;000000;1788;1792;1772;1789.5;10259300
HONDA;D;240425;000000;1776.5;1787.5;1743.5;1746;10643600
HONDA;D;240426;000000;1746;1760;1723;1750.5;10176700
HONDA;D;240430;000000;1804;1819;1785.5;1812;13717800
HONDA;D;240501;000000;1782.5;1797.5;1769;1787.5;8257100
HONDA;D;240502;000000;1776;1791.5;1768.5;1783;6737000
HONDA;D;240507;000000;1792;1794;1763;1773.5;9936100
HONDA;D;240508;000000;1760;1765;1735;1750;15307800
HONDA;D;240509;000000;1767;1767;1741.5;1748;8269400
HONDA;D;240510;000000;1780;1780;1731.5;1736.5;13551700
HONDA;D;240513;000000;1856.5;1856.5;1756;1756;25708400
HONDA;D;240514;000000;1754;1757.5;1730.5;1746;19200000
HONDA;D;240515;000000;1748;1787;1745;1750.5;13296100
HONDA;D;240516;000000;1737;1747.5;1696.5;1708.5;14321200
HONDA;D;240517;000000;1700;1729.5;1688.5;1727;15316100
HONDA;D;240520;000000;1727;1775;1726.5;1770;13405400
HONDA;D;240521;000000;1767.5;1771;1740;1745.5;8458600
HONDA;D;240522;000000;1745;1745;1724.5;1728;8295300
HONDA;D;240523;000000;1726.5;1742;1713;1731.5;7241000
HONDA;D;240524;000000;1700.5;1736.5;1697.5;1734;7569800
HONDA;D;240527;000000;1749;1754;1730;1745;5633700
HONDA;D;240528;000000;1742;1750;1734.5;1749;5917200
HONDA;D;240529;000000;1749;1760;1735;1740;7498500
HONDA;D;240530;000000;1718;1735;1700.5;1730.5;9447300
HONDA;D;240531;000000;1745;1769.5;1732;1769.5;22006200
HONDA;D;240603;000000;1780;1795.5;1726;1765.5;19263200
HONDA;D;240604;000000;1740;1747;1715.5;1726;16423900
HONDA;D;240605;000000;1691.5;1695.5;1664;1668;16014700
HONDA;D;240606;000000;1680.5;1691;1675.5;1678.5;9986500
HONDA;D;240607;000000;1670;1675.5;1662.5;1667.5;9361200
HONDA;D;240610;000000;1680;1712.5;1679;1708;10029900
HONDA;D;240611;000000;1716.5;1728.5;1703;1708;8946700
HONDA;D;240612;000000;1700;1713;1692;1708;8312000
HONDA;D;240613;000000;1714;1716;1681;1684.5;9617900
HONDA;D;240614;000000;1665;1702.5;1657.5;1695.5;18972600
HONDA;D;240617;000000;1680;1680;1634.5;1642.5;12170800
HONDA;D;240618;000000;1668;1679.5;1659;1670;8416500
HONDA;D;240619;000000;1680;1684.5;1672;1681;5820200
HONDA;D;240620;000000;1673;1673;1648.5;1663.5;8975100
HONDA;D;240621;000000;1674;1684.5;1660;1660;13350100
HONDA;D;240624;000000;1680;1700.5;1676.5;1688;10667800
HONDA;D;240625;000000;1704.5;1732;1700.5;1730;10636500
HONDA;D;240626;000000;1731;1733.5;1710;1718;9953000
HONDA;D;240627;000000;1718;1719;1703;1712.5;14845300
HONDA;D;240628;000000;1722.5;1732;1707.5;1720;13791500
HONDA;D;240701;000000;1744;1764;1739.5;1760.5;14646900
HONDA;D;240702;000000;1765;1801.5;1714.5;1735;31216200
HONDA;D;240703;000000;1735;1740.5;1713.5;1738.5;19387800
HONDA;D;240704;000000;1767.5;1796;1761.5;1791;12077300
HONDA;D;240705;000000;1766;1772.5;1726.5;1733;21057100
HONDA;D;240708;000000;1718;1719;1696;1700;18178100
HONDA;D;240709;000000;1690;1707;1668.5;1701.5;19110400
HONDA;D;240710;000000;1695;1705;1687;1703;20271900
HONDA;D;240711;000000;1720;1734.5;1715;1723.5;18015100
HONDA;D;240712;000000;1695.5;1722;1693.5;1703.5;20529700
HONDA;D;240716;000000;1704.5;1720;1699.5;1705;16109900
HONDA;D;240717;000000;1718;1731;1706;1716;33232100
HONDA;D;240718;000000;1670;1688.5;1665;1665;62340600
HONDA;D;240719;000000;1666.5;1668.5;1664.5;1664.5;55327000
HONDA;D;240722;000000;1659.5;1676.5;1647.5;1671;25829400
HONDA;D;240723;000000;1683.5;1693;1671.5;1674;19990800
HONDA;D;240724;000000;1653;1665.5;1627;1630;78841300
HONDA;D;240725;000000;1610;1631;1585;1585;35754800
HONDA;D;240726;000000;1590;1621.5;1580.5;1580.5;34059200
HONDA;D;240729;000000;1609.5;1632.5;1600.5;1622.5;24222600
HONDA;D;240730;000000;1622.5;1646;1616;1636;19774700
HONDA;D;240731;000000;1611;1655;1605;1647;36506500
HONDA;D;240801;000000;1607.5;1627.5;1555.5;1575;39400600
HONDA;D;240802;000000;1527;1547;1500.5;1522;33547300
HONDA;D;240805;000000;1422;1436;1239;1251.5;49034000
HONDA;D;240806;000000;1431.5;1493;1406;1435.5;41128000
HONDA;D;240807;000000;1405.5;1487.5;1388;1423;49337300
HONDA;D;240808;000000;1400;1474.5;1394;1422;33043800
HONDA;D;240809;000000;1457.5;1477;1404.5;1420;29498300
HONDA;D;240813;000000;1430;1462.5;1429.5;1454.5;21473800
HONDA;D;240814;000000;1479;1514;1476;1505;21558200
HONDA;D;240815;000000;1510;1565.5;1509;1546.5;21463300
HONDA;D;240816;000000;1585.5;1595;1565;1584;24351700
HONDA;D;240819;000000;1584;1601.5;1562;1567.5;19410600
HONDA;D;240820;000000;1596;1615;1566;1578;16105600
HONDA;D;240821;000000;1550;1569;1536.5;1562;13666700
HONDA;D;240822;000000;1552.5;1567.5;1550.5;1556;12387300
HONDA;D;240823;000000;1567;1578;1558;1578;12451200
HONDA;D;240826;000000;1545;1552.5;1515;1534;18041100
HONDA;D;240827;000000;1544.5;1564;1537;1561;12392500
HONDA;D;240828;000000;1557.5;1577;1555;1572;11231600
HONDA;D;240829;000000;1575;1584.5;1569.5;1583;14364700
HONDA;D;240830;000000;1572.5;1594.5;1568;1588;22971300
HONDA;D;240902;000000;1613.5;1627.5;1597;1610;13237300
HONDA;D;240903;000000;1610;1627.5;1603.5;1604.5;11256600
HONDA;D;240904;000000;1564.5;1575.5;1525.5;1530;26491400
HONDA;D;240905;000000;1511;1565.5;1502.5;1538.5;17535000
HONDA;D;240906;000000;1520;1551.5;1520;1527.5;15379600
HONDA;D;240909;000000;1476;1512.5;1467;1509;15104100
HONDA;D;240910;000000;1510;1517;1485.5;1486.5;16114700
HONDA;D;240911;000000;1461.5;1470.5;1424;1441.5;17349400
HONDA;D;240912;000000;1475;1501.5;1470.5;1493.5;22186700
HONDA;D;240913;000000;1493.5;1498;1470;1472;16136200
HONDA;D;240917;000000;1475.5;1493;1441.5;1457;18646000
HONDA;D;240918;000000;1482.5;1496;1477;1493.5;12664600
HONDA;D;240919;000000;1550;1569;1537.5;1543.5;19787500
HONDA;D;240920;000000;1585;1588.5;1553;1556.5;22960800
HONDA;D;240924;000000;1585;1588.5;1554;1561;14631400
HONDA;D;240925;000000;1555.5;1583;1555;1575;13006400
HONDA;D;240926;000000;1595;1615;1578.5;1615;22246800
HONDA;D;240927;000000;1604;1627.5;1573.5;1621.5;21952800
HONDA;D;240930;000000;1502.5;1532;1502.5;1507.5;28696400
HONDA;D;241001;000000;1530;1552;1529;1542;17733500
HONDA;D;241002;000000;1525;1556;1524;1542;15698700
HONDA;D;241003;000000;1581;1591.5;1563;1564.5;15176200
HONDA;D;241004;000000;1564.5;1576;1559;1568.5;12929700
HONDA;D;241007;000000;1615;1618;1597.5;1602;18280500
HONDA;D;241008;000000;1590.5;1599;1562;1566;14894300
HONDA;D;241009;000000;1580;1592;1551.5;1553;13295500
HONDA;D;241010;000000;1579;1587.5;1574;1574;14295600
HONDA;D;241011;000000;1585;1595.5;1557.5;1558;14151300
HONDA;D;241015;000000;1570;1581;1545.5;1547;16622400
HONDA;D;241016;000000;1528;1561.5;1521.5;1533;14541900
HONDA;D;241017;000000;1540;1556;1535;1535;12555500
HONDA;D;241018;000000;1542;1561;1530.5;1533;11770700
HONDA;D;241021;000000;1533;1551.5;1525.5;1525.5;12349300
HONDA;D;241022;000000;1501;1531;1501;1512.5;17230300
HONDA;D;241023;000000;1520;1562;1520;1546;15286600
HONDA;D;241024;000000;1519;1548;1509.5;1536.5;15156400
HONDA;D;241025;000000;1536.5;1547.5;1516;1520.5;9334900
HONDA;D;241028;000000;1534;1588;1523.5;1582;13558500
HONDA;D;241029;000000;1580;1585;1567.5;1584;10112200
HONDA;D;241030;000000;1566;1587.5;1563.5;1577.5;19371800
HONDA;D;241031;000000;1589.5;1589.5;1550;1557.5;18586100
HONDA;D;241101;000000;1525;1541.5;1516.5;1524;11651900
HONDA;D;241105;000000;1524;1543.5;1515.5;1516;12294100
HONDA;D;241106;000000;1511;1549.5;1391.5;1418;57059400
HONDA;D;241107;000000;1412.5;1441;1409;1420;36942000
HONDA;D;241108;000000;1412;1415.5;1374.5;1381.5;32359200
HONDA;D;241111;000000;1369;1385;1363.5;1379.5;21347800
HONDA;D;241112;000000;1380.5;1410.5;1372;1383.5;23084300
HONDA;D;241113;000000;1360.5;1367;1322;1325;35131400
HONDA;D;241114;000000;1340;1350.5;1322.5;1322.5;26768300
HONDA;D;241115;000000;1340;1360;1336;1351.5;23484100
HONDA;D;241118;000000;1349;1366;1338;1361.5;15740400
HONDA;D;241119;000000;1376.5;1395;1373;1394.5;16379400
HONDA;D;241120;000000;1387;1390.5;1360.5;1364.5;16851700
HONDA;D;241121;000000;1360;1365.5;1343;1345.5;16086800
HONDA;D;241122;000000;1364;1369;1356;1362.5;13419600
HONDA;D;241125;000000;1382;1382;1358.5;1358.5;37222300
HONDA;D;241126;000000;1359.5;1363.5;1315;1333;25884400
HONDA;D;241127;000000;1306.5;1319;1286;1292.5;25162300
HONDA;D;241128;000000;1296;1310.5;1289;1299;16712000
HONDA;D;241129;000000;1300;1307;1281;1291.5;15859700
HONDA;D;241202;000000;1290;1304.5;1288;1302;19779900
HONDA;D;241203;000000;1311;1325;1306;1320.5;18299100
HONDA;D;241204;000000;1317;1319;1290;1291;20201500
HONDA;D;241205;000000;1301;1301.5;1280;1283.5;16376800
HONDA;D;241206;000000;1291;1298.5;1283;1286.5;13641500
HONDA;D;241209;000000;1298.5;1302;1288.5;1300;16128800
HONDA;D;241210;000000;1330;1339.5;1314.5;1314.5;16938500
HONDA;D;241211;000000;1324.5;1327.5;1302;1306.5;11876200
HONDA;D;241212;000000;1313;1316;1296.5;1300;18267200
HONDA;D;241213;000000;1290;1301.5;1287;1293.5;16402500
HONDA;D;241216;000000;1295;1304.5;1286.5;1287.5;13340000
HONDA;D;241217;000000;1290.5;1306;1283.5;1283.5;19013800
HONDA;D;241218;000000;1280;1300;1232;1244.5;70955800
HONDA;D;241219;000000;1214.5;1238;1213.5;1220;45056200
HONDA;D;241220;000000;1233;1249.5;1220.5;1229.5;53318800
HONDA;D;241223;000000;1244;1279.5;1231.5;1276.5;34535900
HONDA;D;241224;000000;1456;1495;1426.5;1432.5;158484200
HONDA;D;241225;000000;1432;1444.5;1408;1444.5;52600900
HONDA;D;241226;000000;1450;1509;1446.5;1500;71144300
HONDA;D;241227;000000;1512.5;1545.5;1498;1531;55925900
HONDA;D;241230;000000;1529.5;1545.5;1522.5;1535;28320300
HONDA;D;250106;000000;1535;1596;1514;1578.5;72508900
HONDA;D;250107;000000;1578.5;1619.5;1571.5;1604;53412700
HONDA;D;250108;000000;1604;1618;1593;1594.5;42248000
HONDA;D;250109;000000;1583;1585;1548.5;1553.5;44154200
HONDA;D;250110;000000;1552;1566;1528.5;1528.5;28385100
HONDA;D;250114;000000;1517;1524.5;1478;1479;38451300
HONDA;D;250115;000000;1507;1521.5;1464.5;1472.5;38265900
HONDA;D;250116;000000;1472;1472.5;1443;1456;30366000
HONDA;D;250117;000000;1448.5;1468.5;1436;1460;24249900
HONDA;D;250120;000000;1464;1491.5;1458.5;1482;18511300
HONDA;D;250121;000000;1505;1526;1472.5;1478;24543500
HONDA;D;250122;000000;1495;1505;1475;1487.5;18177600
HONDA;D;250123;000000;1485;1491.5;1474;1491.5;19358600
HONDA;D;250124;000000;1487;1494.5;1461.5;1479;18990900
HONDA;D;250127;000000;1490;1507;1487;1494.5;15342800
HONDA;D;250128;000000;1488;1501;1477.5;1489.5;12381100
HONDA;D;250129;000000;1499.5;1499.5;1477.5;1482;19058300
HONDA;D;250130;000000;1483;1490.5;1469.5;1477;14481000
HONDA;D;250131;000000;1471.5;1481.5;1458;1478.5;21052000
HONDA;D;250203;000000;1386.5;1396;1368;1372;54083500
HONDA;D;250204;000000;1400;1407;1385.5;1386.5;23744900
HONDA;D;250205;000000;1400;1552.5;1400;1500;80315300
HONDA;D;250206;000000;1436;1464.5;1428.5;1440;51037200
HONDA;D;250207;000000;1428;1442.5;1414;1436.5;19662300
HONDA;D;250210;000000;1424;1430.5;1418;1423;15059500
HONDA;D;250212;000000;1423;1425;1392;1404;23581400
HONDA;D;250213;000000;1433;1441.5;1420;1434;25189400
HONDA;D;250214;000000;1476;1498;1464.5;1469.5;37237100
HONDA;D;250217;000000;1455;1459;1419;1424;16952300
HONDA;D;250218;000000;1420;1432.5;1408;1417.5;13599600
HONDA;D;250219;000000;1403;1408;1379.5;1385.5;25518900
HONDA;D;250220;000000;1360;1373.5;1342;1366.5;23769600
HONDA;D;250221;000000;1360;1389;1352;1380;18289900
HONDA;D;250225;000000;1371;1399.5;1371;1388.5;16422600
HONDA;D;250226;000000;1388.5;1402.5;1377.5;1402.5;12610100
HONDA;D;250227;000000;1390;1410;1385.5;1410;16823600
HONDA;D;250228;000000;1399;1405;1383.5;1393;26053400
HONDA;D;250303;000000;1406.5;1419.5;1404;1412.5;16372900
HONDA;D;250304;000000;1395;1395;1368.5;1381;23310500
HONDA;D;250305;000000;1391;1418.5;1383;1410.5;25432900
HONDA;D;250306;000000;1436;1463;1435;1439;24897500
HONDA;D;250307;000000;1416.5;1431;1408;1431;19812500
HONDA;D;250310;000000;1431.5;1444.5;1425;1444;13249900
HONDA;D;250311;000000;1444;1455;1433.5;1450;20781500
HONDA;D;250312;000000;1427.5;1451;1426.5;1448;18480700
HONDA;D;250313;000000;1445;1451.5;1426;1430.5;16241300
HONDA;D;250314;000000;1430.5;1459.5;1430.5;1450;18140400
HONDA;D;250317;000000;1450;1481;1450;1476;14025000
HONDA;D;250318;000000;1499;1522;1496.5;1518;19261600
HONDA;D;250319;000000;1515;1529;1510;1515.5;18161000
HONDA;D;250321;000000;1493.5;1524.5;1491;1503;21188200
HONDA;D;250324;000000;1504.5;1516.5;1500;1501.5;12393600
HONDA;D;250325;000000;1514;1526;1499;1503;13674100
HONDA;D;250326;000000;1500;1502;1480;1493;19642700
HONDA;D;250327;000000;1450;1467;1442;1456;27870900
HONDA;D;250328;000000;1393;1404.5;1381;1385;23546900
HONDA;D;250331;000000;1344;1353.5;1326;1342.5;21374300
HONDA;D;250401;000000;1355.5;1358;1340.5;1345;17648700
HONDA;D;250402;000000;1341;1361;1323.5;1361;20889600
HONDA;D;250403;000000;1300;1337.5;1287.5;1329.5;39244100
HONDA;D;250404;000000;1269.5;1282;1231;1257;43208900
HONDA;D;250407;000000;1167;1233.5;1156;1205;44323100
HONDA;D;250408;000000;1235;1298.5;1234.5;1284;31322300
HONDA;D;250409;000000;1244;1271;1224;1243.5;33408300
HONDA;D;250410;000000;1367.5;1367.5;1309.5;1348.5;31411600
HONDA;D;250411;000000;1270;1316.5;1258.5;1315;27173000
HONDA;D;250414;000000;1324.5;1344.5;1316;1319.5;16202300
HONDA;D;250415;000000;1390;1397;1366;1367;26928700
HONDA;D;250416;000000;1372;1388.5;1343.5;1356.5;22025600
HONDA;D;250417;000000;1357.5;1394.5;1353.5;1382;23271100
HONDA;D;250418;000000;1382;1400.5;1381.5;1394.5;16325000
HONDA;D;250421;000000;1392;1395;1376.5;1380.5;10763000
HONDA;D;250422;000000;1380.5;1396;1375;1386;13890900
HONDA;D;250423;000000;1415;1429.5;1400;1418.5;25838700
HONDA;D;250424;000000;1422;1460;1415.5;1427.5;30509400
HONDA;D;250425;000000;1439;1447.5;1428;1437.5;21836500
HONDA;D;250428;000000;1448;1475.5;1443.5;1451.5;20017700
HONDA;D;250430;000000;1459;1474.5;1440;1453;26173500
HONDA;D;250501;000000;1442;1466;1432.5;1465;10378000
HONDA;D;250502;000000;1495;1517;1481;1484;30183700
HONDA;D;250507;000000;1484.5;1494.5;1458;1458;17868500
HONDA;D;250508;000000;1458;1461;1441;1443;16219100
HONDA;D;250509;000000;1473;1485.5;1463.5;1482.5;19222800
HONDA;D;250512;000000;1485.5;1492;1477;1488.5;11517900
HONDA;D;250513;000000;1514;1517;1492;1503.5;24683800
HONDA;D;250514;000000;1507.5;1508;1442;1460.5;30348800
HONDA;D;250515;000000;1445;1445.5;1402;1403.5;21581400
HONDA;D;250516;000000;1395;1408;1383;1406;17738900
HONDA;D;250519;000000;1407;1423.5;1404;1411;11160300
HONDA;D;250520;000000;1418;1426;1412;1422;20456700
HONDA;D;250521;000000;1452;1467;1437.5;1437.5;22268100
HONDA;D;250522;000000;1418;1422;1409.5;1415;15326900
HONDA;D;250523;000000;1422;1424;1409.5;1418.5;12288300
HONDA;D;250526;000000;1418;1425;1403.5;1406.5;11633600
HONDA;D;250527;000000;1405;1413;1396.5;1412;9480700
HONDA;D;250528;000000;1437;1447;1424.5;1430;15158800
HONDA;D;250529;000000;1446;1496.5;1440;1496;24271300
HONDA;D;250530;000000;1450;1479;1448.5;1468;47301300
HONDA;D;250602;000000;1464.5;1465;1430;1437;14842000
HONDA;D;250603;000000;1420.5;1433.5;1406;1423.5;12933600
HONDA;D;250604;000000;1425;1430.5;1414;1422;16239100
HONDA;D;250605;000000;1398;1402.5;1377;1384;23747000
HONDA;D;250606;000000;1393;1413.5;1390;1402;16167400
HONDA;D;250609;000000;1406;1413.5;1398;1400;10897600
HONDA;D;250610;000000;1408.5;1410.5;1398.5;1400;13545700
HONDA;D;250611;000000;1403.5;1419.5;1403.5;1412.5;13509400
HONDA;D;250612;000000;1412.5;1419.5;1398;1400.5;14081200
HONDA;D;250613;000000;1400.5;1406;1389;1393.5;23350200
HONDA;D;250616;000000;1416;1448.5;1414;1434.5;29464000
HONDA;D;250617;000000;1435.5;1442.5;1424.5;1434.5;14971300
HONDA;D;250618;000000;1434.5;1449.5;1432;1446;15861500
HONDA;D;250619;000000;1445;1445;1424.5;1430.5;10093600
HONDA;D;250620;000000;1430.5;1442.5;1419;1423.5;42031100
HONDA;D;250623;000000;1420;1420;1399;1406;10516200
HONDA;D;250624;000000;1411;1412;1388.5;1390;11006400
HONDA;D;250625;000000;1402;1402;1377;1392.5;11327600
HONDA;D;250626;000000;1380.5;1388;1363.5;1380;17960100
HONDA;D;250627;000000;1400;1425.5;1395;1421;21309300
HONDA;D;250630;000000;1423.5;1424;1394.5;1394.5;18535600
HONDA;D;250701;000000;1394.5;1404;1389;1396;13681900
HONDA;D;250702;000000;1399;1421.5;1396;1421.5;18300700
HONDA;D;250703;000000;1422;1459;1414.5;1449.5;23823000
HONDA;D;250704;000000;1459;1462;1434.5;1443;10246400
HONDA;D;250707;000000;1440;1440;1416;1422;8534100
HONDA;D;250708;000000;1424.5;1437;1419;1433;15414200
HONDA;D;250709;000000;1461.5;1483;1456.5;1481;21595400
HONDA;D;250710;000000;1481;1488.5;1472;1484.5;19457900
HONDA;D;250711;000000;1499;1519;1481;1509;20728200
HONDA;D;250714;000000;1509;1524.5;1506;1522;11014000
HONDA;D;250715;000000;1533.5;1549.5;1515.5;1526;16436800
HONDA;D;250716;000000;1526;1526;1498.5;1502.5;13890500
HONDA;D;250717;000000;1487.5;1497.5;1482.5;1494;10665900
HONDA;D;250718;000000;1501;1502;1487;1487;11230500
HONDA;D;250722;000000;1487;1501.5;1481;1484.5;10882700
HONDA;D;250723;000000;1560;1665;1555;1650;77142400
HONDA;D;250724;000000;1650;1674.5;1645.5;1650.5;33826400
HONDA;D;250725;000000;1634;1636.5;1614.5;1621;20737700
HONDA;D;250728;000000;1639;1660;1626;1658;22897900
HONDA;D;250729;000000;1640;1644.5;1613;1623;15201200
HONDA;D;250730;000000;1601;1603.5;1581;1589.5;20788200
HONDA;D;250731;000000;1590;1591;1565.5;1569;26164300
HONDA;D;250801;000000;1574;1588.5;1568.5;1577;17620000
HONDA;D;250804;000000;1543;1549.5;1523;1549.5;18456500
HONDA;D;250805;000000;1535;1559.5;1530.5;1548;16202700
HONDA;D;250806;000000;1554.5;1581.5;1551;1571.5;21965100
HONDA;D;250807;000000;1567;1572;1532.5;1545.5;30969400
HONDA;D;250808;000000;1564;1613.5;1557;1606.5;26288800
HONDA;D;250812;000000;1620;1656.5;1610.5;1648.5;24678800
HONDA;D;250813;000000;1651;1666.5;1641.5;1644;19057900
HONDA;D;250814;000000;1644;1648.5;1615;1623.5;13617600
HONDA;D;250815;000000;1641.5;1646;1630;1637.5;11352700
HONDA;D;250818;000000;1643;1663;1635;1663;15708300
HONDA;D;250819;000000;1663;1677;1657.5;1669;15231700
HONDA;D;250820;000000;1678;1708.5;1677;1702.5;24898100
HONDA;D;250821;000000;1675;1680;1660.5;1669.5;14766200
HONDA;D;250822;000000;1675;1684;1664.5;1679;8463900
HONDA;D;250825;000000;1699;1716.5;1683;1696;11129100
HONDA;D;250826;000000;1682;1688.5;1655.5;1667;35103500
HONDA;D;250827;000000;1667.5;1669;1653.5;1659;12340200
HONDA;D;250828;000000;1659;1673.5;1655;1663.5;11708000
HONDA;D;250829;000000;1650;1661;1634;1642;18007200
HONDA;D;250901;000000;1642;1672;1639;1669;10794700
HONDA;D;250902;000000;1667;1677;1655.5;1670.5;11176000
HONDA;D;250903;000000;1660.5;1668;1647.5;1656;16337000
HONDA;D;250904;000000;1657;1675.5;1652.5;1674;9832800
HONDA;D;250905;000000;1705;1730;1681;1693;19763600
HONDA;D;250908;000000;1700;1703;1684.5;1694;11091900
HONDA;D;250909;000000;1700;1723;1696;1697.5;14976500
HONDA;D;250910;000000;1691;1693;1666;1666;14623100
HONDA;D;250911;000000;1666;1666;1638.5;1650.5;10486500
HONDA;D;250912;000000;1666;1666;1643.5;1649.5;13243500
HONDA;D;250916;000000;1663;1675;1652.5;1661;10267100
HONDA;D;250917;000000;1655.5;1661;1635;1657;11618100
HONDA;D;250918;000000;1675;1675.5;1640;1640;12659100
HONDA;D;250919;000000;1650;1681;1629;1631;41036300
HONDA;D;250922;000000;1635;1665.5;1635;1661.5;9481700
HONDA;D;250924;000000;1667;1672;1641;1644;13827600
HONDA;D;250925;000000;1666.5;1666.5;1647.5;1660;17111000
HONDA;D;250926;000000;1658.5;1668.5;1646;1650;18272700
HONDA;D;250929;000000;1610.5;1612.5;1564;1564;20526900
HONDA;D;250930;000000;1551;1555.5;1531;1531;27089700
HONDA;D;251001;000000;1520;1523;1507;1511.5;17746200
HONDA;D;251002;000000;1495;1512.5;1478.5;1503.5;17641100
HONDA;D;251003;000000;1494;1524.5;1493;1524.5;12117300
HONDA;D;251006;000000;1627;1627.5;1585;1589;29056100
HONDA;D;251007;000000;1591.5;1604;1590;1597;16808600
HONDA;D;251008;000000;1597;1627;1589;1596;20593300
HONDA;D;251009;000000;1590;1594;1554;1573.5;17464000
HONDA;D;251010;000000;1560;1565;1541;1556;16689400
HONDA;D;251014;000000;1520;1551.5;1518.5;1540.5;15974300
HONDA;D;251015;000000;1554;1560.5;1537.5;1543.5;11397900
HONDA;D;251016;000000;1543.5;1554;1539;1547.5;10337300
HONDA;D;251017;000000;1520;1529;1514;1517.5;14572500
HONDA;D;251020;000000;1545;1565;1543;1565;11377600
HONDA;D;251021;000000;1568;1573;1547.5;1552.5;10917200
HONDA;D;251022;000000;1590;1625.5;1581;1620;20990300
HONDA;D;251023;000000;1607;1610.5;1594;1596;11768500
HONDA;D;251024;000000;1596;1601.5;1586.5;1594.5;10586600
HONDA;D;251027;000000;1630;1630;1604.5;1619;12614200
HONDA;D;251028;000000;1628.5;1629;1595.5;1596.5;10455900
HONDA;D;251029;000000;1599;1605.5;1579;1583.5;8781000
HONDA;D;251030;000000;1586;1595;1570;1594.5;41368800
HONDA;D;251031;000000;1589;1590;1555.5;1560;14131300
HONDA;D;251104;000000;1578.5;1599.5;1550.5;1590;15822300
HONDA;D;251105;000000;1594;1594;1542.5;1561;6563700
HONDA;D;251106;000000;1580;1581;1554;1557;10328800
HONDA;D;251107;000000;1565.5;1591;1554;1585;10877800
HONDA;D;251110;000000;1505;1532;1503;1511;28707500
HONDA;D;251111;000000;1510;1527;1502.5;1523.5;15640900
HONDA;D;251112;000000;1538.5;1563;1535;1544.5;14337400
HONDA;D;251113;000000;1544.5;1565;1544.5;1565;9780700
HONDA;D;251114;000000;1560;1564;1540.5;1556.5;10363600
HONDA;D;251117;000000;1539;1542.5;1515;1517;11335700
HONDA;D;251118;000000;1512;1519;1491.5;1491.5;13888000
HONDA;D;251119;000000;1508;1521;1501;1513;11356600
HONDA;D;251120;000000;1519.5;1526;1503.5;1514;13932100
HONDA;D;251121;000000;1507;1552;1506;1538.5;43082400
HONDA;D;251125;000000;1538.5;1557;1535;1541.5;10701400
HONDA;D;251126;000000;1558.5;1579;1547.5;1570;13150600
HONDA;D;251127;000000;1566;1571;1552.5;1557.5;9754200
HONDA;D;251128;000000;1566;1579;1560;1572;10215700
HONDA;D;251201;000000;1571;1571;1530;1535;11212700
HONDA;D;251202;000000;1535;1538;1514;1515;8292100
HONDA;D;251203;000000;1510;1518;1502;1503.5;10482500
HONDA;D;251204;000000;1514.5;1552;1511.5;1547.5;12619200
HONDA;D;251205;000000;1519.5;1529.5;1508;1520;11984500
HONDA;D;251208;000000;1530;1530;1512;1528.5;10492600
HONDA;D;251209;000000;1527;1528;1517;1525;9104800
HONDA;D;251210;000000;1580;1604.5;1568;1575.5;23848000
HONDA;D;251211;000000;1587;1592;1556.5;1572;10331200
HONDA;D;251212;000000;1582;1606;1577;1600;11541700
HONDA;D;251215;000000;1602.5;1611;1597;1609.5;10523400
HONDA;D;251216;000000;1620;1624.5;1585.5;1588.5;8501700
HONDA;D;251217;000000;1579;1586.5;1567.5;1583;8402300
HONDA;D;251218;000000;1584.5;1587;1534;1543;13259300
HONDA;D;251219;000000;1536;1562;1536;1557;24252600
